date,batter,pitcher,bvp_pa,bvp_avg,fd_pts,baseline,rel,bucket
2026-04-20,621566,663623,21,0.211,25.7,15.63,10.07,MID
2026-04-20,663586,663623,15,0.231,6.2,12.57,-6.37,MID
2026-04-20,645277,663623,17,0.133,9.7,10.64,-0.94,BAD
2026-04-20,671739,663623,24,0.318,6.5,9.69,-3.19,GOOD
2026-04-25,621566,554430,36,0.188,21.4,15.52,5.88,BAD
2026-04-25,671739,554430,24,0.273,13.0,11.71,1.29,MID
2026-04-25,663586,554430,50,0.277,9.5,11.13,-1.63,MID
2026-04-25,645277,554430,57,0.185,21.7,11.1,10.6,BAD
2026-04-25,660670,554430,54,0.231,9.0,10.21,-1.21,MID
2026-04-26,621566,605400,42,0.257,25.7,15.78,9.92,MID
2026-04-26,671739,605400,32,0.241,3.0,11.78,-8.78,MID
2026-04-26,645277,605400,75,0.271,3.0,11.56,-8.56,MID
2026-04-26,663586,605400,63,0.367,0.0,11.06,-11.06,GOOD
2026-04-26,660670,605400,62,0.333,21.4,10.16,11.24,GOOD
2026-04-30,621566,664285,22,0.263,0.0,16.52,-16.52,MID
2026-05-04,621566,669302,19,0.25,21.7,16.31,5.39,MID
2026-05-04,643289,669302,17,0.176,0.0,8.33,-8.33,BAD
2026-05-05,622761,669923,15,0.214,0.0,9.71,-9.71,MID
2026-05-09,621566,605483,22,0.222,19.0,15.93,3.07,MID
2026-05-18,621566,676974,15,0.2,3.0,14.2,-11.2,BAD
2026-05-21,621566,645261,31,0.071,0.0,14.1,-14.1,BAD
2026-05-21,660670,645261,47,0.342,16.2,10.56,5.64,GOOD
2026-05-21,645277,645261,51,0.333,9.2,10.39,-1.19,GOOD
2026-05-21,663586,645261,37,0.143,0.0,10.2,-10.2,BAD
2026-05-21,671739,645261,22,0.333,40.9,9.05,31.85,GOOD
2026-05-23,621566,663623,21,0.211,3.0,13.49,-10.49,MID
2026-05-23,645277,663623,17,0.133,0.0,10.2,-10.2,BAD
2026-05-23,663586,663623,15,0.231,0.0,10.09,-10.09,MID
2026-05-23,671739,663623,24,0.318,3.0,9.72,-6.72,GOOD
2026-05-26,621566,624133,35,0.267,25.2,13.12,12.08,MID
2026-05-26,660670,624133,28,0.2,6.5,10.06,-3.56,BAD
2026-05-26,645277,624133,32,0.29,0.0,10.03,-10.03,MID
2026-05-26,663586,624133,32,0.357,15.2,9.79,5.41,GOOD
2026-05-26,671739,624133,23,0.261,40.9,9.42,31.48,MID
2026-05-30,621566,663903,18,0.286,21.7,13.06,8.64,MID
2026-06-02,621566,592332,19,0.316,27.9,12.98,14.92,GOOD
2026-06-03,621566,571578,20,0.471,15.4,13.25,2.15,GOOD
2026-06-03,660670,571578,41,0.324,12.0,12.66,-0.66,GOOD
2026-06-03,645277,571578,36,0.429,34.9,10.05,24.85,GOOD
2026-06-03,663586,571578,37,0.3,12.0,9.17,2.83,GOOD
2026-06-05,621566,656605,18,0.529,9.2,13.12,-3.92,GOOD
2026-06-05,660670,656605,24,0.409,12.5,12.64,-0.14,GOOD
2026-06-05,645277,656605,20,0.235,9.2,10.31,-1.11,MID
2026-06-05,671739,656605,17,0.294,9.2,10.17,-0.97,MID
2026-06-05,663586,656605,15,0.385,15.7,9.05,6.65,GOOD
2026-06-05,643289,656605,16,0.467,34.9,8.09,26.81,GOOD
2026-06-14,621566,642547,20,0.313,3.0,13.19,-10.19,GOOD
2026-06-14,645277,642547,22,0.105,0.0,10.35,-10.35,BAD
2026-06-14,663586,642547,19,0.353,3.0,8.83,-5.83,GOOD
2026-06-24,643289,676664,20,0.3,6.0,8.66,-2.66,GOOD
2026-06-27,621566,657277,30,0.214,0.0,12.1,-12.1,MID
2026-06-27,671739,657277,17,0.438,9.0,9.89,-0.89,GOOD
2026-06-27,663586,657277,28,0.259,0.0,8.4,-8.4,MID
2026-06-28,621566,592662,16,0.333,15.2,11.94,3.26,GOOD
2026-06-28,645277,592662,17,0.188,0.0,10.04,-10.04,BAD
2026-07-02,621566,669160,30,0.192,6.2,11.8,-5.6,BAD
2026-07-02,686948,669160,30,0.192,9.2,11.4,-2.2,BAD
2026-07-02,645277,669160,30,0.192,6.2,10.18,-3.98,BAD
2026-07-02,671739,669160,30,0.192,3.0,9.69,-6.69,BAD
2026-07-02,643289,669160,30,0.192,15.7,8.74,6.96,BAD
2026-07-02,663586,669160,30,0.192,3.0,8.1,-5.1,BAD
2026-07-06,621566,642547,20,0.313,43.9,11.98,31.92,GOOD
2026-07-06,645277,642547,22,0.105,15.2,10.25,4.95,BAD
2026-07-06,663586,642547,19,0.353,9.0,8.27,0.73,GOOD
2026-07-09,621566,656605,18,0.529,27.9,12.18,15.72,GOOD
2026-07-09,671739,656605,17,0.294,12.2,10.38,1.82,MID
2026-07-09,645277,656605,20,0.235,18.9,10.18,8.72,MID
2026-07-09,643289,656605,16,0.467,6.5,9.06,-2.56,GOOD
2026-07-09,663586,656605,15,0.385,0.0,8.23,-8.23,GOOD
2026-04-18,621566,650911,21,0.3,12.2,16.45,-4.25,GOOD
2026-04-18,645277,650911,16,0.533,15.2,10.21,4.99,GOOD
2026-05-03,621566,607536,22,0.211,24.9,16.01,8.89,MID
2026-05-03,645277,607536,27,0.462,25.1,12.4,12.7,GOOD
2026-05-03,643289,607536,24,0.318,6.0,8.41,-2.41,GOOD
2026-04-18,643446,607200,26,0.333,6.5,6.95,-0.45,GOOD
2026-04-21,669127,622491,27,0.208,24.7,10.73,13.97,MID
2026-04-22,669127,669302,26,0.154,6.2,11.51,-5.31,BAD
2026-04-24,669127,543135,18,0.278,0.0,11.23,-11.23,MID
2026-04-24,671732,543135,15,0.154,0.0,8.39,-8.39,BAD
2026-05-06,643446,554430,41,0.184,3.0,7.77,-4.77,BAD
2026-05-21,701762,667755,17,0.214,15.7,14.92,0.78,MID
2026-05-21,669127,667755,18,0.471,12.2,12.49,-0.29,GOOD
2026-05-21,667670,667755,20,0.438,9.0,10.34,-1.34,GOOD
2026-05-21,691016,667755,19,0.353,6.0,9.61,-3.61,GOOD
2026-05-29,667670,607074,15,0.067,6.2,9.3,-3.1,BAD
2026-06-19,701762,667755,17,0.214,9.5,15.22,-5.72,MID
2026-06-19,669127,667755,18,0.471,12.7,11.67,1.03,GOOD
2026-06-19,691016,667755,19,0.353,27.6,10.86,16.74,GOOD
2026-06-21,641680,672282,29,0.28,6.5,8.55,-2.05,MID
2026-06-27,641680,672282,29,0.28,21.7,8.49,13.21,MID
2026-07-07,669127,669373,16,0.133,9.5,10.91,-1.41,BAD
2026-07-07,641680,669373,22,0.19,6.0,9.27,-3.27,BAD
2026-07-09,669127,664285,27,0.36,9.0,10.75,-1.75,GOOD
2026-07-09,641680,664285,31,0.179,3.0,9.2,-6.2,BAD
2026-05-25,669127,622491,27,0.208,18.7,11.74,6.96,MID
2026-05-25,667670,622491,20,0.15,0.0,9.82,-9.82,BAD
2026-05-27,669127,669302,26,0.154,3.0,11.7,-8.7,BAD
2026-04-22,683002,608379,20,0.1,0.0,12.9,-12.9,BAD
2026-04-24,683002,678394,28,0.292,31.1,12.25,18.85,MID
2026-05-03,624413,608331,53,0.277,12.2,10.3,1.9,MID
2026-05-12,683002,701542,17,0.231,0.0,10.49,-10.49,MID
2026-05-15,668939,641793,21,0.263,0.0,12.48,-12.48,MID
2026-05-15,621493,641793,15,0.357,6.0,10.42,-4.42,GOOD
2026-05-15,683002,641793,32,0.276,12.5,9.95,2.55,MID
2026-05-18,668939,663556,17,0.077,31.4,11.48,19.92,BAD
2026-05-24,668939,664285,20,0.353,6.0,11.5,-5.5,GOOD
2026-05-24,624413,664285,15,0.308,0.0,10.92,-10.92,GOOD
2026-05-24,683002,664285,16,0.286,21.7,10.31,11.39,MID
2026-05-24,621493,664285,38,0.441,6.5,10.24,-3.74,GOOD
2026-05-24,665750,664285,26,0.36,15.2,8.97,6.23,GOOD
2026-05-25,668939,663556,17,0.077,6.2,11.18,-4.98,BAD
2026-06-09,683002,669302,15,0.071,0.0,10.1,-10.1,BAD
2026-06-09,621493,669302,32,0.286,9.2,9.89,-0.69,MID
2026-06-09,665750,669302,24,0.091,10.0,8.67,1.33,BAD
2026-06-14,624413,621111,17,0.353,6.0,11.42,-5.42,GOOD
2026-05-01,683002,701542,17,0.231,0.0,12.89,-12.89,MID
2026-05-05,624413,645261,48,0.19,37.8,10.13,27.67,BAD
2026-05-28,624413,571578,65,0.352,3.0,10.43,-7.43,GOOD
2026-05-28,621493,571578,22,0.368,15.0,9.6,5.4,GOOD
2026-06-04,668939,678394,23,0.238,6.5,10.97,-4.47,MID
2026-06-04,683002,678394,28,0.292,9.2,10.18,-0.98,MID
2026-06-07,668939,592332,26,0.16,3.0,11.76,-8.76,BAD
2026-06-07,683002,592332,22,0.143,0.0,10.23,-10.23,BAD
2026-06-07,621493,592332,18,0.389,22.2,9.65,12.55,GOOD
2026-06-11,621493,693433,19,0.056,15.4,9.91,5.49,BAD
2026-06-11,665750,693433,17,0.188,0.0,9.03,-9.03,BAD
2026-06-16,683002,669302,15,0.071,0.0,10.11,-10.11,BAD
2026-06-16,621493,669302,32,0.286,9.2,9.78,-0.58,MID
2026-06-16,665750,669302,24,0.091,0.0,8.84,-8.84,BAD
2026-06-17,668939,669923,22,0.182,0.0,11.33,-11.33,BAD
2026-06-17,683002,669923,22,0.429,22.2,9.97,12.23,GOOD
2026-06-17,621493,669923,36,0.229,3.0,9.77,-6.77,MID
2026-06-17,665750,669923,21,0.19,12.5,8.7,3.8,BAD
2026-06-18,621493,693433,19,0.056,0.0,9.68,-9.68,BAD
2026-06-18,665750,693433,17,0.188,9.0,8.76,0.24,BAD
2026-06-28,668939,641793,21,0.263,9.2,10.87,-1.67,MID
2026-06-28,683002,641793,32,0.276,0.0,10.04,-10.04,MID
2026-06-28,621493,641793,15,0.357,3.0,9.71,-6.71,GOOD
2026-06-30,624413,607200,35,0.346,9.5,11.46,-1.96,GOOD
2026-07-04,624413,668881,17,0.25,24.7,11.24,13.46,MID
2026-05-13,624413,608331,53,0.277,9.5,10.4,-0.9,MID
2026-06-10,683002,669923,22,0.429,6.0,9.94,-3.94,GOOD
2026-06-10,621493,669923,36,0.229,12.2,9.88,2.32,MID
2026-06-10,665750,669923,21,0.19,27.9,8.7,19.2,BAD
2026-04-19,608369,693433,18,0.5,6.2,10.19,-3.99,GOOD
2026-04-19,669701,693433,17,0.294,3.0,4.79,-1.79,MID
2026-04-24,608369,622663,16,0.133,12.2,10.39,1.81,BAD
2026-04-24,607043,622663,19,0.313,0.0,10.15,-10.15,GOOD
2026-04-24,669394,622663,25,0.318,0.0,7.58,-7.58,GOOD
2026-04-24,592626,622663,15,0.429,3.0,6.5,-3.5,GOOD
2026-04-27,607043,608331,43,0.121,3.0,9.11,-6.11,BAD
2026-05-01,608369,656427,15,0.077,12.0,9.37,2.63,BAD
2026-05-09,607043,665795,26,0.316,3.0,8.52,-5.52,GOOD
2026-05-10,608369,592791,18,0.25,3.0,8.78,-5.78,MID
2026-05-10,607043,592791,15,0.231,0.0,8.35,-8.35,MID
2026-05-11,607043,647336,18,0.294,3.0,8.1,-5.1,MID
2026-05-12,608369,668678,28,0.259,6.7,8.45,-1.75,MID
2026-05-12,607043,668678,16,0.2,18.2,7.95,10.25,BAD
2026-05-17,592626,663567,22,0.25,9.2,6.19,3.01,MID
2026-05-20,607043,607536,17,0.353,3.0,8.41,-5.41,GOOD
2026-06-03,607043,669467,18,0.111,3.0,8.41,-5.41,BAD
2026-06-06,608369,676440,15,0.286,3.0,8.54,-5.54,MID
2026-06-11,608369,608379,28,0.407,24.9,8.22,16.68,GOOD
2026-06-12,607043,543243,18,0.313,0.0,8.24,-8.24,GOOD
2026-06-12,592626,543243,15,0.143,9.2,7.9,1.3,BAD
2026-07-02,673962,664285,17,0.375,25.2,9.9,15.3,GOOD
2026-07-02,669394,664285,21,0.2,0.0,9.07,-9.07,BAD
2026-07-02,677649,664285,31,0.207,13.0,8.9,4.1,MID
2026-07-04,592626,656427,28,0.308,3.0,8.38,-5.38,GOOD
2026-07-09,677649,672282,20,0.1,22.2,8.86,13.34,BAD
2026-07-10,694671,686613,20,0.067,24.9,12.06,12.84,BAD
2026-07-10,673962,686613,17,0.188,12.4,10.03,2.37,BAD
2026-06-13,607043,624133,31,0.148,0.0,8.11,-8.11,BAD
2026-06-20,607043,621111,15,0.231,6.0,8.13,-2.13,MID
2026-06-20,592626,621111,16,0.214,0.0,7.77,-7.77,MID
2026-06-23,607043,645261,46,0.125,31.2,8.3,22.9,BAD
2026-06-25,608369,592332,29,0.458,9.2,8.62,0.58,GOOD
2026-06-25,592626,592332,21,0.2,30.9,7.96,22.94,BAD
2026-06-26,607043,571578,51,0.292,12.7,8.42,4.28,MID
2026-05-24,677649,672282,20,0.1,0.0,9.78,-9.78,BAD
2026-05-30,592626,607625,25,0.087,18.7,7.6,11.1,BAD
2026-05-31,592626,608379,32,0.259,6.0,7.82,-1.82,MID
2026-04-21,553993,571927,15,0.357,0.0,8.45,-8.45,GOOD
2026-05-01,682829,656605,25,0.182,3.5,15.95,-12.45,BAD
2026-05-01,668715,656605,29,0.333,6.0,9.52,-3.52,GOOD
2026-05-01,670770,656605,33,0.138,12.2,7.93,4.27,BAD
2026-05-05,682829,592791,18,0.294,0.0,14.85,-14.85,MID
2026-05-05,668715,592791,20,0.25,3.0,8.95,-5.95,MID
2026-05-05,670770,592791,24,0.182,0.0,7.77,-7.77,BAD
2026-05-06,682829,607067,23,0.318,10.5,14.37,-3.87,GOOD
2026-05-06,668715,607067,25,0.273,18.7,8.75,9.95,MID
2026-05-06,680574,607067,18,0.313,24.9,7.87,17.03,GOOD
2026-05-06,670770,607067,23,0.182,9.2,7.49,1.71,BAD
2026-05-12,682829,571945,19,0.353,9.2,13.94,-4.74,GOOD
2026-05-12,668715,571945,20,0.389,6.2,9.18,-2.98,GOOD
2026-05-12,670770,571945,23,0.286,9.0,7.16,1.84,MID
2026-05-13,682829,663623,15,0.357,12.2,13.81,-1.61,GOOD
2026-05-15,663993,676440,15,0.5,3.0,9.37,-6.37,GOOD
2026-05-26,668715,656849,15,0.2,9.2,9.9,-0.7,BAD
2026-06-26,682829,694973,17,0.267,3.5,12.56,-9.06,MID
2026-06-26,668715,694973,17,0.294,9.7,9.85,-0.15,MID
2026-06-28,682829,656605,25,0.182,9.2,12.24,-3.04,BAD
2026-06-28,668715,656605,29,0.333,0.0,9.8,-9.8,GOOD
2026-06-28,553993,656605,24,0.118,3.0,7.87,-4.87,BAD
2026-07-07,663993,554430,19,0.235,0.0,7.83,-7.83,MID
2026-06-09,663993,608337,22,0.25,6.0,9.16,-3.16,MID
2026-04-29,665833,669467,16,0.154,6.5,16.14,-9.64,BAD
2026-04-29,668804,669467,26,0.154,3.0,11.24,-8.24,BAD
2026-05-10,668804,641816,20,0.333,0.0,11.75,-11.75,GOOD
2026-05-16,668804,650911,19,0.333,9.0,11.3,-2.3,GOOD
2026-05-16,542303,650911,21,0.25,0.0,8.35,-8.35,MID
2026-04-23,542303,594798,47,0.217,0.0,8.35,-8.35,MID
2026-04-24,668804,605540,29,0.13,6.0,11.73,-5.73,BAD
2026-05-01,664040,663903,23,0.0,3.0,11.66,-8.66,BAD
2026-05-01,668804,663903,22,0.316,37.4,11.45,25.95,GOOD
2026-05-07,665833,668678,15,0.154,12.0,14.45,-2.45,BAD
2026-05-07,668804,668678,21,0.118,6.2,12.27,-6.07,BAD
2026-05-07,656811,668678,16,0.467,6.5,9.91,-3.41,GOOD
2026-05-12,664040,547179,15,0.231,9.5,12.72,-3.22,MID
2026-05-12,668804,547179,21,0.176,9.5,11.43,-1.93,BAD
2026-05-13,668804,500779,24,0.261,6.5,11.37,-4.87,MID
2026-05-15,668804,605400,23,0.273,15.2,11.21,3.99,MID
2026-05-17,664040,554430,23,0.25,6.0,12.43,-6.43,MID
2026-05-17,668804,554430,19,0.222,0.0,11.25,-11.25,MID
2026-05-19,665833,669461,16,0.214,12.5,14.39,-1.89,MID
2026-05-19,668804,669461,15,0.333,19.2,10.98,8.22,GOOD
2026-05-22,668804,592332,15,0.214,3.5,11.04,-7.54,MID
2026-05-23,668804,571578,27,0.304,12.2,10.88,1.32,GOOD
2026-05-24,664040,656302,16,0.357,3.0,12.11,-9.11,GOOD
2026-05-27,665833,592791,19,0.056,0.0,13.53,-13.53,BAD
2026-05-27,664040,592791,20,0.294,25.7,11.92,13.78,MID
2026-05-27,668804,592791,27,0.32,12.0,11.06,0.94,GOOD
2026-05-28,668804,607067,23,0.455,27.7,11.08,16.62,GOOD
2026-05-28,693304,607067,15,0.385,0.0,7.9,-7.9,GOOD
2026-06-12,664040,645261,24,0.35,18.7,11.76,6.94,GOOD
2026-06-12,668804,645261,20,0.118,3.0,11.54,-8.54,BAD
2026-06-17,668804,650644,23,0.318,19.2,12.14,7.06,GOOD
2026-06-21,668804,547179,21,0.176,34.9,12.03,22.87,BAD
2026-06-21,664040,547179,15,0.231,6.2,11.56,-5.36,MID
2026-06-23,656811,669923,18,0.235,3.0,9.51,-6.51,MID
2026-06-09,668804,641778,23,0.273,27.9,11.45,16.45,MID
2026-06-25,656811,682243,15,0.133,6.5,9.87,-3.37,BAD
2026-06-28,668804,663903,22,0.316,9.2,12.15,-2.95,GOOD
2026-06-28,664040,663903,23,0.0,3.0,11.74,-8.74,BAD
2026-06-29,668804,605400,23,0.273,15.4,12.11,3.29,MID
2026-06-30,668804,650911,19,0.333,0.0,12.15,-12.15,GOOD
2026-07-01,668804,554430,19,0.222,6.5,12.0,-5.5,MID
2026-07-01,664040,554430,23,0.25,6.0,11.51,-5.51,MID
2026-04-23,656941,665795,25,0.143,3.0,12.77,-9.77,BAD
2026-04-23,607208,665795,17,0.214,3.0,9.77,-6.77,MID
2026-04-23,669016,665795,17,0.429,46.9,8.24,38.66,GOOD
2026-04-25,607208,693821,15,0.25,9.2,10.33,-1.13,MID
2026-04-26,547180,519242,15,0.133,0.0,13.31,-13.31,BAD
2026-04-26,656941,519242,21,0.263,25.2,11.99,13.21,MID
2026-04-26,607208,519242,21,0.316,3.0,10.28,-7.28,GOOD
2026-04-28,656941,641816,29,0.3,9.2,12.57,-3.37,GOOD
2026-04-28,607208,641816,20,0.421,21.9,9.96,11.94,GOOD
2026-04-30,607208,657277,17,0.188,0.0,11.57,-11.57,BAD
2026-05-09,656941,607536,21,0.15,25.7,13.96,11.74,BAD
2026-05-09,607208,607536,46,0.349,21.2,9.76,11.44,GOOD
2026-05-09,592663,607536,25,0.125,6.2,7.89,-1.69,BAD
2026-05-13,656941,543243,29,0.154,12.0,15.2,-3.2,BAD
2026-05-13,547180,543243,30,0.125,0.0,12.77,-12.77,BAD
2026-05-13,607208,543243,28,0.385,9.0,9.64,-0.64,GOOD
2026-05-18,607208,666157,15,0.333,15.2,9.9,5.3,GOOD
2026-05-20,607208,671096,18,0.2,24.2,10.22,13.98,BAD
2026-05-25,666969,656288,15,0.333,0.0,7.05,-7.05,GOOD
2026-06-03,656941,621111,17,0.2,21.7,14.35,7.35,BAD
2026-06-03,607208,621111,16,0.0,3.0,9.96,-6.96,BAD
2026-06-04,656941,608337,21,0.294,6.0,14.49,-8.49,MID
2026-06-04,669016,608337,15,0.143,6.5,9.32,-2.82,BAD
2026-06-08,656941,571578,30,0.25,6.0,14.11,-8.11,MID
2026-06-08,547180,571578,58,0.313,6.2,12.17,-5.97,GOOD
2026-06-08,607208,571578,19,0.267,12.2,10.06,2.14,MID
2026-06-08,681082,571578,19,0.438,15.7,7.8,7.9,GOOD
2026-06-08,664761,571578,32,0.393,9.5,7.42,2.08,GOOD
2026-06-09,656941,656302,16,0.231,0.0,13.97,-13.97,MID
2026-06-10,656941,453286,23,0.263,31.4,13.74,17.66,MID
2026-06-10,547180,453286,33,0.269,34.1,12.07,22.03,MID
2026-06-10,681082,453286,16,0.571,18.5,8.02,10.48,GOOD
2026-06-10,664761,453286,24,0.292,28.7,7.33,21.37,MID
2026-06-17,656941,645261,48,0.244,0.0,13.75,-13.75,MID
2026-06-17,547180,645261,57,0.326,9.2,11.84,-2.64,GOOD
2026-06-17,669016,645261,27,0.259,6.5,10.32,-3.82,MID
2026-06-17,607208,645261,46,0.386,21.2,9.46,11.74,GOOD
2026-06-17,681082,645261,36,0.242,12.0,8.45,3.55,MID
2026-06-17,664761,645261,37,0.371,9.5,7.69,1.81,GOOD
2026-06-18,656941,640455,15,0.214,6.2,13.54,-7.34,MID
2026-06-18,547180,640455,18,0.353,3.0,11.8,-8.8,GOOD
2026-06-18,607208,640455,20,0.316,6.2,9.64,-3.44,GOOD
2026-06-18,664761,640455,15,0.357,16.0,7.72,8.28,GOOD
2026-06-20,656941,642547,22,0.235,72.8,13.43,59.37,MID
2026-06-20,547180,642547,18,0.313,46.9,11.67,35.23,GOOD
2026-06-20,607208,642547,20,0.105,19.1,9.59,9.51,BAD
2026-06-21,656941,656849,30,0.154,31.9,14.31,17.59,BAD
2026-06-21,547180,656849,30,0.407,27.7,12.17,15.53,GOOD
2026-06-21,607208,656849,27,0.25,12.4,9.72,2.68,MID
2026-06-21,664761,656849,29,0.357,6.0,7.82,-1.82,GOOD
2026-07-04,656941,608379,26,0.364,12.0,13.73,-1.73,GOOD
2026-07-04,547180,608379,26,0.32,6.0,12.58,-6.58,GOOD
2026-07-10,656941,656427,34,0.071,3.0,13.56,-10.56,BAD
2026-04-20,656941,607067,18,0.188,0.0,13.61,-13.61,BAD
2026-04-20,547180,607067,17,0.059,6.0,12.96,-6.96,BAD
2026-04-20,607208,607067,21,0.2,3.0,10.48,-7.48,BAD
2026-05-27,656941,621111,17,0.2,9.5,15.02,-5.52,BAD
2026-05-27,607208,621111,16,0.0,28.2,10.09,18.11,BAD
2026-05-27,592663,621111,19,0.158,3.0,6.92,-3.92,BAD
2026-07-07,607208,671096,18,0.2,9.7,10.28,-0.58,BAD
2026-04-20,682928,693821,23,0.316,18.4,16.29,2.11,GOOD
2026-04-20,671277,693821,18,0.294,0.0,7.87,-7.87,MID
2026-04-29,695578,656849,19,0.278,32.1,16.75,15.35,MID
2026-04-29,682928,656849,28,0.167,22.0,13.18,8.82,BAD
2026-04-29,696285,656849,17,0.267,16.2,7.21,8.99,MID
2026-05-10,682928,645261,20,0.211,0.0,14.56,-14.56,MID
2026-05-13,682928,666157,18,0.294,18.4,14.02,4.38,MID
2026-05-21,695578,656849,19,0.278,6.0,15.12,-9.12,MID
2026-05-21,682928,656849,28,0.167,6.0,14.1,-8.1,BAD
2026-05-21,660688,656849,20,0.353,9.2,8.97,0.23,GOOD
2026-05-22,682928,693821,23,0.316,34.7,13.92,20.78,GOOD
2026-06-01,682928,645261,20,0.211,6.2,13.78,-7.58,MID
2026-06-01,660688,645261,24,0.261,0.0,9.24,-9.24,MID
2026-06-08,682928,657277,20,0.2,22.2,13.44,8.76,BAD
2026-06-08,660688,657277,17,0.357,3.0,8.92,-5.92,GOOD
2026-06-24,695578,605400,15,0.214,0.0,14.65,-14.65,MID
2026-06-24,682928,605400,26,0.25,15.0,13.33,1.67,MID
2026-06-24,671277,605400,45,0.333,24.7,9.2,15.5,GOOD
2026-06-25,682928,650911,21,0.316,0.0,13.35,-13.35,GOOD
2026-07-03,695578,656605,15,0.385,18.2,14.44,3.76,GOOD
2026-07-03,682928,656605,19,0.421,12.2,12.78,-0.58,GOOD
2026-07-03,671277,656605,22,0.286,43.9,10.26,33.64,MID
2026-07-03,660688,656605,19,0.222,0.0,8.86,-8.86,MID
2026-06-23,671277,666200,16,0.125,24.9,8.97,15.93,BAD
2026-06-23,660688,666200,17,0.375,9.0,8.72,0.28,GOOD
2026-04-29,665489,678394,33,0.438,18.4,10.57,7.83,GOOD
2026-04-29,662139,678394,15,0.167,9.2,8.39,0.81,BAD
2026-04-30,665489,641927,17,0.071,3.0,10.87,-7.87,BAD
2026-04-30,665926,641927,23,0.143,0.0,8.35,-8.35,BAD
2026-04-30,676391,641927,15,0.267,6.0,7.94,-1.94,MID
2026-05-03,665489,657746,15,0.286,9.2,10.42,-1.22,MID
2026-05-03,665926,657746,27,0.269,6.0,8.01,-2.01,MID
2026-05-05,665489,656876,28,0.222,0.0,10.25,-10.25,MID
2026-05-06,665489,663556,25,0.25,0.0,9.92,-9.92,MID
2026-05-11,665489,656876,28,0.222,0.0,9.41,-9.41,MID
2026-05-12,665489,663556,25,0.25,16.0,9.15,6.85,MID
2026-05-13,665926,643377,15,0.25,6.0,8.22,-2.22,MID
2026-05-17,665489,656427,21,0.316,24.9,9.02,15.88,GOOD
2026-05-17,662139,656427,16,0.333,27.9,9.02,18.88,GOOD
2026-05-17,665926,656427,15,0.0,0.0,8.06,-8.06,BAD
2026-05-21,665489,607074,24,0.611,18.2,9.27,8.93,GOOD
2026-05-21,676391,607074,15,0.267,18.0,7.68,10.32,MID
2026-05-21,543807,607074,34,0.179,21.7,7.02,14.68,BAD
2026-05-28,543807,605135,20,0.25,9.2,8.4,0.8,MID
2026-05-31,665489,680694,28,0.25,0.0,9.91,-9.91,MID
2026-06-04,665489,519242,17,0.286,18.4,9.53,8.87,MID
2026-06-04,543807,519242,31,0.259,9.0,8.06,0.94,MID
2026-06-06,665489,680694,28,0.25,6.2,9.58,-3.38,MID
2026-06-06,543807,680694,22,0.4,6.0,8.2,-2.2,GOOD
2026-06-07,665489,669358,18,0.278,0.0,9.53,-9.53,MID
2026-06-07,543807,669358,15,0.067,0.0,8.14,-8.14,BAD
2026-06-08,665489,650911,15,0.231,0.0,9.36,-9.36,MID
2026-06-08,543807,650911,15,0.077,0.0,7.94,-7.94,BAD
2026-06-09,665489,554430,17,0.188,3.0,9.21,-6.21,BAD
2026-06-18,543807,543243,28,0.25,9.0,9.13,-0.13,MID
2026-06-18,665926,543243,23,0.227,3.5,7.6,-4.1,MID
2026-06-26,665489,543135,32,0.433,16.2,9.11,7.09,GOOD
2026-06-26,543807,543135,30,0.207,6.2,9.09,-2.89,MID
2026-06-29,543807,640455,47,0.31,12.2,9.04,3.16,GOOD
2026-07-03,662139,622491,16,0.067,0.0,9.12,-9.12,BAD
2026-07-03,665489,622491,21,0.278,9.5,8.93,0.57,MID
2026-07-03,665926,622491,23,0.25,15.7,7.21,8.49,MID
2026-07-04,665489,669302,20,0.333,0.0,8.94,-8.94,GOOD
2026-07-08,662139,657277,17,0.333,24.9,8.47,16.43,GOOD
2026-06-20,687263,669372,15,0.231,19.2,11.66,7.54,MID
2026-07-04,624585,543243,21,0.118,3.0,8.84,-5.84,BAD
2026-05-09,664983,605400,17,0.438,9.2,11.56,-2.36,GOOD
2026-05-16,696100,593958,17,0.063,6.0,11.1,-5.1,BAD
2026-05-21,696100,593958,17,0.063,0.0,10.17,-10.17,BAD
2026-05-23,671289,668678,15,0.231,6.0,7.53,-1.53,MID
2026-05-29,696100,657277,15,0.357,34.7,10.04,24.66,GOOD
2026-05-29,664983,657277,32,0.355,12.2,9.14,3.06,GOOD
2026-05-31,696100,592662,17,0.5,3.2,10.54,-7.34,GOOD
2026-05-31,671289,592662,15,0.308,24.2,7.34,16.86,GOOD
2026-06-26,650489,671737,17,0.118,3.0,9.87,-6.87,BAD
2026-07-03,696100,657277,15,0.357,15.4,12.18,3.22,GOOD
2026-07-03,664983,657277,32,0.355,63.4,11.35,52.05,GOOD
2026-07-03,666160,657277,17,0.375,12.2,10.93,1.27,GOOD
2026-07-04,696100,592662,17,0.5,15.2,12.22,2.98,GOOD
2026-07-10,696100,592662,17,0.5,9.0,12.0,-3.0,GOOD
2026-04-21,666160,681190,15,0.267,3.0,12.31,-9.31,MID
2026-04-21,696100,681190,17,0.188,3.0,9.84,-6.84,BAD
2026-04-21,686668,681190,18,0.375,0.0,7.1,-7.1,GOOD
2026-06-15,672640,554430,16,0.357,3.0,11.0,-8.0,GOOD
2026-06-16,672640,666200,18,0.222,6.0,10.88,-4.88,MID
2026-06-16,669364,666200,17,0.125,3.0,10.32,-7.32,BAD
2026-05-23,669364,642547,16,0.267,3.0,11.1,-8.1,MID
2026-05-29,669364,642547,16,0.267,21.7,11.2,10.5,MID
2026-05-03,672640,666200,18,0.222,6.0,11.8,-5.8,MID
2026-05-03,669364,666200,17,0.125,3.0,11.32,-8.32,BAD
2026-05-03,681393,666200,15,0.308,0.0,8.56,-8.56,GOOD
2026-05-03,691594,666200,16,0.286,6.0,5.62,0.38,MID
2026-04-27,643217,686799,15,0.071,19.7,7.08,12.62,BAD
2026-04-29,643217,579328,17,0.25,0.0,7.54,-7.54,MID
2026-05-03,643217,656288,16,0.267,0.0,7.08,-7.08,MID
2026-05-13,643217,607625,17,0.214,6.2,6.92,-0.72,MID
2026-05-24,545341,592662,16,0.133,3.0,6.52,-3.52,BAD
2026-06-01,643217,657746,26,0.44,28.2,7.61,20.59,GOOD
2026-06-10,545341,519242,33,0.241,6.0,7.12,-1.12,MID
2026-06-16,643217,543037,21,0.222,21.7,8.3,13.4,MID
2026-06-17,643217,607074,17,0.063,0.0,8.52,-8.52,BAD
2026-06-19,643217,669373,21,0.2,0.0,8.71,-8.71,BAD
2026-06-24,643217,676440,19,0.235,0.0,8.29,-8.29,MID
2026-06-27,643217,608379,23,0.217,3.0,8.46,-5.46,MID
2026-07-05,643217,676440,19,0.235,12.7,8.23,4.47,MID
2026-05-30,643217,664285,18,0.278,31.4,7.27,24.13,MID
2026-05-30,545341,664285,15,0.286,0.0,6.94,-6.94,MID
2026-04-18,643217,622663,43,0.333,25.7,5.32,20.38,GOOD
2026-04-30,691026,694973,20,0.15,6.2,11.38,-5.18,BAD
2026-04-30,676475,694973,21,0.4,22.7,10.32,12.38,GOOD
2026-05-19,676475,656605,28,0.28,31.1,9.81,21.29,MID
2026-05-19,669357,656605,30,0.222,25.2,7.14,18.06,MID
2026-05-29,691026,684007,16,0.313,6.0,8.6,-2.6,GOOD
2026-06-03,691026,669022,15,0.385,3.0,8.62,-5.62,GOOD
2026-06-09,676475,642547,27,0.208,31.7,10.32,21.38,MID
2026-06-09,691026,642547,21,0.15,0.0,8.73,-8.73,BAD
2026-07-04,691026,684007,16,0.313,0.0,9.28,-9.28,GOOD
2026-04-18,666182,592791,27,0.333,6.2,8.08,-1.88,GOOD
2026-04-18,596019,592791,19,0.211,6.0,6.93,-0.93,MID
2026-04-18,543760,592791,19,0.222,6.0,6.24,-0.24,MID
2026-04-23,666182,657746,15,0.385,34.9,7.35,27.55,GOOD
2026-04-26,543760,500779,20,0.333,0.0,7.2,-7.2,GOOD
2026-04-28,666182,641793,19,0.353,25.2,7.78,17.42,GOOD
2026-04-28,543760,641793,16,0.133,9.7,6.55,3.15,BAD
2026-05-02,543760,672282,37,0.412,12.2,6.4,5.8,GOOD
2026-05-03,543760,686799,18,0.375,0.0,6.61,-6.61,GOOD
2026-05-06,665742,547179,15,0.2,22.2,10.03,12.17,BAD
2026-05-08,665742,669194,22,0.2,0.0,10.59,-10.59,BAD
2026-05-09,665742,518876,24,0.238,3.0,10.03,-7.03,MID
2026-05-10,543760,593958,34,0.233,3.0,7.41,-4.41,MID
2026-05-10,666182,593958,21,0.333,3.0,7.29,-4.29,GOOD
2026-05-12,665742,656427,15,0.2,12.7,9.36,3.34,BAD
2026-05-12,666182,656427,17,0.533,12.7,7.17,5.53,GOOD
2026-05-13,666182,664285,16,0.25,6.5,7.32,-0.82,MID
2026-05-13,543760,664285,44,0.231,0.0,7.17,-7.17,MID
2026-05-16,543760,607074,29,0.148,0.0,7.48,-7.48,BAD
2026-05-16,666182,607074,17,0.267,9.4,7.01,2.39,MID
2026-05-18,665742,663623,16,0.364,22.2,11.07,11.13,GOOD
2026-05-18,668901,663623,19,0.105,0.0,8.49,-8.49,BAD
2026-05-20,666182,641793,19,0.353,6.2,8.6,-2.4,GOOD
2026-05-20,543760,641793,16,0.133,0.0,7.68,-7.68,BAD
2026-05-27,665742,671096,15,0.5,21.7,13.02,8.68,GOOD
2026-06-02,665742,669302,18,0.125,3.0,13.29,-10.29,BAD
2026-06-02,666182,669302,22,0.2,3.0,7.87,-4.87,BAD
2026-06-02,543760,669302,40,0.125,0.0,7.81,-7.81,BAD
2026-06-03,543760,669923,31,0.138,0.0,7.67,-7.67,BAD
2026-06-05,666182,650633,26,0.292,18.5,8.09,10.41,MID
2026-06-06,543760,656288,33,0.323,27.9,7.41,20.49,GOOD
2026-06-09,665742,669160,18,0.231,6.0,12.35,-6.35,MID
2026-06-10,665742,669467,17,0.214,3.0,12.2,-9.2,MID
2026-06-12,665742,675911,21,0.267,24.7,12.34,12.36,MID
2026-06-13,543760,527048,39,0.256,3.0,7.72,-4.72,MID
2026-06-16,665742,663903,15,0.333,6.0,12.59,-6.59,GOOD
2026-06-16,543760,663903,17,0.25,9.2,7.74,1.46,MID
2026-06-18,665742,605400,59,0.262,40.4,12.71,27.69,MID
2026-06-20,665742,650911,18,0.353,3.0,13.22,-10.22,GOOD
2026-06-20,668901,650911,18,0.267,24.9,7.16,17.74,MID
2026-06-21,665742,554430,70,0.259,6.0,13.03,-7.03,MID
2026-06-21,666182,554430,17,0.235,0.0,9.08,-9.08,MID
2026-06-21,543760,554430,21,0.2,0.0,7.92,-7.92,BAD
2026-06-23,665742,665795,16,0.091,0.0,12.91,-12.91,BAD
2026-06-26,665742,554430,70,0.259,0.0,12.62,-12.62,MID
2026-06-26,666182,554430,17,0.235,9.2,9.3,-0.1,MID
2026-06-26,596019,554430,40,0.243,3.0,7.56,-4.56,MID
2026-06-28,665742,666200,29,0.333,12.0,12.61,-0.61,GOOD
2026-06-28,668901,666200,19,0.118,0.0,7.24,-7.24,BAD
2026-06-30,665742,592332,32,0.444,6.0,12.54,-6.54,GOOD
2026-06-30,596019,592332,16,0.286,0.0,8.49,-8.49,MID
2026-07-04,596019,519242,42,0.39,9.0,8.46,0.54,GOOD
2026-07-05,596019,527048,27,0.409,19.1,8.48,10.62,GOOD
2026-07-06,596019,625643,29,0.12,0.0,8.86,-8.86,BAD
2026-07-07,665742,607625,24,0.263,25.7,12.86,12.84,MID
2026-07-09,666182,608379,22,0.389,3.5,9.1,-5.6,GOOD
2026-07-10,665742,543243,21,0.4,6.5,13.16,-6.66,GOOD
2026-07-10,596019,543243,36,0.29,3.0,8.3,-5.3,MID
2026-04-23,596142,669373,16,0.154,15.7,9.78,5.92,BAD
2026-04-25,668930,656605,22,0.227,6.0,15.28,-9.28,MID
2026-04-25,661388,656605,29,0.259,0.0,9.18,-9.18,MID
2026-04-25,641343,656605,16,0.438,12.4,8.58,3.82,GOOD
2026-04-29,596142,593958,32,0.208,6.0,9.94,-3.94,MID
2026-05-06,668930,669467,19,0.389,12.2,15.0,-2.8,GOOD
2026-05-06,661388,669467,19,0.176,6.2,10.46,-4.26,BAD
2026-05-06,686217,669467,17,0.267,9.2,6.65,2.55,MID
2026-06-05,592885,663372,15,0.357,6.2,11.13,-4.93,GOOD
2026-06-05,661388,663372,19,0.158,0.0,9.66,-9.66,BAD
2026-06-07,661388,607536,19,0.294,15.9,9.7,6.2,MID
2026-06-13,668930,605400,17,0.267,0.0,13.35,-13.35,MID
2026-06-13,592885,605400,43,0.268,12.7,11.07,1.63,MID
2026-06-13,661388,605400,34,0.344,12.2,10.12,2.08,GOOD
2026-06-22,683734,663903,36,0.257,0.0,9.18,-9.18,MID
2026-07-01,661388,671096,21,0.3,9.5,10.15,-0.65,GOOD
2026-07-04,592885,518876,29,0.115,22.2,10.15,12.05,BAD
2026-07-05,683734,593958,19,0.235,3.0,8.68,-5.68,MID
2026-07-09,668930,669467,19,0.389,34.4,12.35,22.05,GOOD
2026-07-09,694192,669467,17,0.455,15.4,12.18,3.22,GOOD
2026-07-09,661388,669467,19,0.176,3.5,9.5,-6.0,BAD
2026-06-03,592885,657277,18,0.125,6.0,11.17,-5.17,BAD
2026-06-21,661388,693821,15,0.357,37.9,9.73,28.17,GOOD
2026-05-01,668930,663623,20,0.222,9.2,14.94,-5.74,MID
2026-05-01,661388,663623,24,0.35,25.7,10.63,15.07,GOOD
2026-05-01,686217,663623,19,0.278,6.2,7.0,-0.8,MID
2026-04-29,650490,668909,16,0.467,9.2,10.9,-1.7,GOOD
2026-05-05,691406,592332,15,0.308,6.0,11.27,-5.27,GOOD
2026-05-05,650490,592332,20,0.389,9.7,10.72,-1.02,GOOD
2026-05-11,691406,592332,15,0.308,9.2,11.26,-2.06,GOOD
2026-05-11,650490,592332,20,0.389,0.0,10.02,-10.02,GOOD
2026-05-11,656775,592332,21,0.25,0.0,7.19,-7.19,MID
2026-05-12,650490,571578,17,0.25,3.0,9.72,-6.72,MID
2026-05-13,650490,656302,22,0.188,9.5,9.52,-0.02,BAD
2026-05-16,650490,645261,21,0.263,3.0,9.96,-6.96,MID
2026-05-16,656775,645261,18,0.313,18.2,8.33,9.87,GOOD
2026-05-19,650490,680694,27,0.4,31.2,10.97,20.23,GOOD
2026-05-22,650490,543037,54,0.34,3.0,11.48,-8.48,GOOD
2026-05-25,650490,680694,27,0.4,6.0,11.22,-5.22,GOOD
2026-06-07,650490,645261,21,0.263,6.5,11.59,-5.09,MID
2026-06-07,656775,645261,18,0.313,3.0,8.44,-5.44,GOOD
2026-06-13,650490,667755,16,0.286,3.0,11.67,-8.67,MID
2026-06-22,650490,608379,17,0.417,12.5,11.34,1.16,GOOD
2026-06-22,656775,608379,27,0.346,0.0,8.38,-8.38,GOOD
2026-07-10,650490,622491,17,0.176,0.0,11.05,-11.05,BAD
2026-05-06,650490,571578,17,0.25,3.0,10.69,-7.69,MID
2026-05-01,650490,592662,27,0.333,18.7,10.83,7.87,GOOD
2026-07-08,650490,543037,54,0.34,18.2,11.03,7.17,GOOD
2026-07-08,656775,543037,36,0.306,0.0,8.86,-8.86,GOOD
2026-07-08,670764,543037,15,0.0,6.2,8.01,-1.81,BAD
2026-04-22,621043,676440,24,0.348,9.2,10.93,-1.73,GOOD
2026-04-30,670541,605135,29,0.36,0.0,14.8,-14.8,GOOD
2026-04-30,572233,605135,18,0.294,0.0,12.24,-12.24,MID
2026-04-30,621043,605135,21,0.25,3.0,10.82,-7.82,MID
2026-04-30,670623,605135,23,0.2,12.2,8.59,3.61,BAD
2026-04-30,673237,605135,15,0.2,6.5,8.22,-1.72,BAD
2026-04-30,514888,605135,40,0.278,9.2,7.59,1.61,MID
2026-05-03,572233,624133,26,0.238,12.2,12.18,0.02,MID
2026-05-05,670541,660271,21,0.278,0.0,14.25,-14.25,MID
2026-05-05,514888,660271,32,0.226,0.0,7.56,-7.56,MID
2026-05-08,670623,666157,15,0.182,12.5,8.9,3.6,BAD
2026-05-11,670541,669923,21,0.2,3.0,13.3,-10.3,BAD
2026-05-11,670623,669923,16,0.438,12.5,8.55,3.95,GOOD
2026-05-13,670541,682243,16,0.231,9.0,12.76,-3.76,MID
2026-05-13,514888,682243,17,0.235,10.0,7.48,2.52,MID
2026-05-14,670541,622491,24,0.524,33.9,12.66,21.24,GOOD
2026-05-14,572233,622491,22,0.1,6.2,10.81,-4.61,BAD
2026-05-14,670623,622491,26,0.25,3.0,8.26,-5.26,MID
2026-05-14,514888,622491,24,0.208,0.0,7.55,-7.55,MID
2026-05-15,572233,683004,15,0.083,3.0,10.69,-7.69,BAD
2026-05-16,572233,594798,24,0.083,18.7,10.5,8.2,BAD
2026-05-16,514888,594798,16,0.25,18.7,7.34,11.36,MID
2026-05-20,670541,657746,22,0.3,0.0,12.48,-12.48,GOOD
2026-05-20,670623,657746,18,0.176,0.0,8.55,-8.55,BAD
2026-05-22,670541,592791,15,0.357,9.0,12.2,-3.2,GOOD
2026-05-26,572233,683004,15,0.083,0.0,11.39,-11.39,BAD
2026-05-27,572233,594798,24,0.083,6.2,11.16,-4.96,BAD
2026-05-28,670541,543135,21,0.353,6.2,13.52,-7.32,GOOD
2026-05-28,665161,543135,17,0.313,21.7,8.89,12.81,GOOD
2026-05-28,670623,543135,23,0.15,28.4,7.85,20.55,BAD
2026-06-10,670541,672282,22,0.263,3.0,13.53,-10.53,MID
2026-06-10,514888,672282,27,0.292,0.0,7.55,-7.55,MID
2026-06-22,670541,656302,26,0.105,12.2,13.56,-1.36,BAD
2026-06-22,665161,656302,15,0.267,18.2,11.41,6.79,MID
2026-06-22,670623,656302,17,0.154,9.5,9.34,0.16,BAD
2026-06-22,514888,656302,21,0.368,9.5,8.01,1.49,GOOD
2026-06-28,670541,656427,15,0.083,9.2,13.2,-4.0,BAD
2026-06-28,665161,656427,18,0.111,6.2,11.62,-5.42,BAD
2026-06-28,572233,656427,16,0.25,28.7,10.26,18.44,MID
2026-06-30,670541,657746,22,0.3,35.2,13.02,22.18,GOOD
2026-06-30,670623,657746,18,0.176,0.0,9.6,-9.6,BAD
2026-06-30,514888,657746,18,0.125,9.7,7.79,1.91,BAD
2026-07-01,673237,671737,15,0.2,0.0,8.16,-8.16,BAD
2026-07-03,572233,607259,15,0.462,3.0,10.18,-7.18,GOOD
2026-07-03,514888,607259,37,0.25,0.0,7.84,-7.84,MID
2026-07-06,514888,571945,15,0.214,25.7,8.15,17.55,MID
2026-07-10,572233,615698,21,0.381,0.0,10.26,-10.26,GOOD
2026-07-10,514888,615698,21,0.263,6.0,8.46,-2.46,MID
2026-05-17,670541,543135,21,0.353,0.0,13.15,-13.15,GOOD
2026-05-20,575929,608379,27,0.25,18.2,11.51,6.69,MID
2026-05-23,680776,671737,17,0.267,3.0,10.27,-7.27,MID
2026-05-27,575929,693821,15,0.4,3.0,11.94,-8.94,GOOD
2026-06-02,680776,669358,18,0.176,12.2,11.27,0.93,BAD
2026-06-03,680776,605135,24,0.238,6.2,11.29,-5.09,MID
2026-06-03,678882,605135,15,0.143,15.5,9.54,5.96,BAD
2026-06-03,677800,605135,18,0.5,28.7,8.94,19.76,GOOD
2026-06-03,643396,605135,19,0.278,12.7,7.2,5.5,MID
2026-06-10,680776,656876,15,0.133,6.2,10.53,-4.33,BAD
2026-06-13,575929,594798,15,0.154,12.2,11.94,0.26,BAD
2026-06-14,643396,543135,18,0.294,3.0,7.04,-4.04,MID
2026-06-16,575929,656302,20,0.235,3.0,12.41,-9.41,MID
2026-04-20,575929,656427,33,0.233,3.0,13.12,-10.12,MID
2026-04-27,575929,656302,20,0.235,12.4,12.4,0.0,MID
2026-04-29,575929,641778,17,0.4,21.7,12.14,9.56,GOOD
2026-04-22,596115,608331,20,0.211,6.2,8.98,-2.78,MID
2026-05-05,596115,664285,15,0.417,18.4,7.75,10.65,GOOD
2026-05-06,575929,656427,33,0.233,6.5,12.59,-6.09,MID
2026-05-16,575929,693821,15,0.4,25.2,10.87,14.33,GOOD
2026-06-24,575929,607536,16,0.083,9.5,11.65,-2.15,BAD
2026-06-27,680776,543037,23,0.15,0.0,9.75,-9.75,BAD
2026-06-28,678882,607074,18,0.176,0.0,9.97,-9.97,BAD
2026-06-28,680776,607074,17,0.125,6.5,9.62,-3.12,BAD
2026-06-29,575929,571945,21,0.381,25.7,11.71,13.99,GOOD
2026-04-19,596115,664285,15,0.417,12.0,8.75,3.25,GOOD
2026-04-20,663538,605400,21,0.25,3.0,16.03,-13.03,MID
2026-04-20,621020,605400,72,0.227,25.7,12.74,12.96,MID
2026-04-20,664023,605400,25,0.13,9.2,11.77,-2.57,BAD
2026-04-21,663538,666200,20,0.25,27.9,15.31,12.59,MID
2026-04-21,621020,666200,27,0.25,9.0,13.46,-4.46,MID
2026-04-21,664023,666200,24,0.118,21.4,11.61,9.79,BAD
2026-04-28,621020,621111,16,0.267,19.0,12.96,6.04,MID
2026-04-28,608348,621111,18,0.125,6.2,10.49,-4.29,BAD
2026-05-01,663538,668678,17,0.267,9.2,13.21,-4.01,MID
2026-05-01,621020,668678,17,0.25,9.7,13.19,-3.49,MID
2026-05-01,673548,668678,19,0.188,3.0,12.57,-9.57,BAD
2026-05-01,664023,668678,23,0.158,9.2,11.28,-2.08,BAD
2026-05-03,663538,518876,16,0.125,12.2,13.06,-0.86,BAD
2026-05-03,621020,518876,22,0.143,3.0,12.7,-9.7,BAD
2026-05-03,664023,518876,20,0.278,15.4,12.26,3.14,MID
2026-05-05,663538,671096,19,0.278,9.0,12.82,-3.82,MID
2026-05-05,673548,671096,19,0.2,3.0,12.58,-9.58,BAD
2026-05-05,664023,671096,25,0.1,3.0,12.16,-9.16,BAD
2026-05-05,621020,671096,21,0.353,6.2,11.95,-5.75,GOOD
2026-05-10,621020,594798,39,0.194,0.0,11.21,-11.21,BAD
2026-05-17,664023,607200,18,0.176,3.0,11.85,-8.85,BAD
2026-05-17,621020,607200,31,0.379,12.4,10.12,2.28,GOOD
2026-05-28,664023,694973,21,0.333,28.2,11.13,17.07,GOOD
2026-05-28,663538,694973,17,0.267,3.0,10.44,-7.44,MID
2026-05-28,683737,694973,21,0.267,12.4,9.9,2.5,MID
2026-05-28,691718,694973,15,0.267,9.2,9.6,-0.4,MID
2026-05-28,673548,694973,16,0.267,16.2,9.17,7.03,MID
2026-05-29,664023,669467,22,0.389,31.7,11.48,20.22,GOOD
2026-05-29,621020,669467,16,0.125,12.2,9.51,2.69,BAD
2026-05-31,621020,669461,15,0.231,3.0,9.56,-6.56,MID
2026-05-31,673548,669461,15,0.071,0.0,9.32,-9.32,BAD
2026-06-05,621020,592662,18,0.125,0.0,9.15,-9.15,BAD
2026-06-10,664023,547179,17,0.214,18.7,11.48,7.22,MID
2026-06-14,664023,657277,18,0.294,0.0,11.79,-11.79,MID
2026-06-14,621020,657277,24,0.208,6.2,8.72,-2.52,MID
2026-06-15,664023,547179,17,0.214,3.2,11.6,-8.4,MID
2026-06-20,664023,571578,23,0.333,9.2,11.46,-2.26,GOOD
2026-06-20,673548,571578,16,0.538,6.0,10.06,-4.06,GOOD
2026-06-20,621020,571578,49,0.289,15.2,9.08,6.12,MID
2026-06-20,663538,571578,18,0.313,6.5,9.04,-2.54,GOOD
2026-06-25,691718,642547,18,0.375,12.5,12.63,-0.13,GOOD
2026-06-25,664023,642547,44,0.108,6.5,11.46,-4.96,BAD
2026-06-25,621020,642547,26,0.083,3.2,11.18,-7.98,BAD
2026-06-25,683737,642547,26,0.136,3.0,10.24,-7.24,BAD
2026-06-25,663538,642547,37,0.152,3.0,9.43,-6.43,BAD
2026-06-28,664023,605540,43,0.256,6.2,11.47,-5.27,MID
2026-06-28,621020,605540,19,0.353,0.0,10.78,-10.78,GOOD
2026-06-28,673548,605540,15,0.385,10.0,10.03,-0.03,GOOD
2026-06-28,663538,605540,25,0.095,6.0,9.27,-3.27,BAD
2026-07-01,621020,621111,16,0.267,76.8,11.08,65.72,MID
2026-07-03,621020,669467,16,0.125,0.0,11.9,-11.9,BAD
2026-07-03,664023,669467,22,0.389,0.0,11.25,-11.25,GOOD
2026-07-05,621020,669461,15,0.231,6.2,11.61,-5.41,MID
2026-07-05,673548,669461,15,0.071,0.0,10.37,-10.37,BAD
2026-07-09,621020,669432,18,0.375,15.0,11.5,3.5,GOOD
2026-07-10,691718,668881,16,0.071,0.0,13.34,-13.34,BAD
2026-07-10,621020,668881,18,0.0,3.0,11.54,-8.54,BAD
2026-07-10,673548,668881,21,0.476,9.0,10.65,-1.65,GOOD
2026-07-10,664023,668881,26,0.143,6.0,10.63,-4.63,BAD
2026-07-10,663538,668881,26,0.167,0.0,8.98,-8.98,BAD
2026-04-18,663538,642547,37,0.152,0.0,17.13,-17.13,BAD
2026-04-18,621020,642547,26,0.083,0.0,14.44,-14.44,BAD
2026-04-18,691718,642547,18,0.375,0.0,7.41,-7.41,GOOD
2026-06-24,621020,640455,16,0.071,38.2,9.54,28.66,BAD
2026-06-24,608348,640455,25,0.174,15.9,8.95,6.95,BAD
2026-04-21,545361,571578,16,0.125,6.2,14.7,-8.5,BAD
2026-05-23,545361,543135,41,0.216,22.2,12.33,9.87,MID
2026-05-23,687263,543135,17,0.267,18.4,10.95,7.45,MID
2026-05-27,624585,663554,18,0.188,3.0,8.94,-5.94,BAD
2026-05-28,624585,656427,17,0.214,6.5,8.81,-2.31,MID
2026-05-29,545361,607259,35,0.25,9.2,12.48,-3.28,MID
2026-06-01,545361,607536,15,0.25,6.0,12.65,-6.65,MID
2026-06-01,624585,607536,21,0.35,25.2,8.59,16.61,GOOD
2026-06-03,624585,547179,16,0.2,3.0,8.93,-5.93,BAD
2026-06-03,681351,547179,16,0.231,9.7,6.52,3.18,MID
2026-06-29,687263,669923,15,0.2,30.9,11.29,19.61,BAD
2026-06-29,666176,669923,18,0.235,3.0,9.46,-6.46,MID
2026-06-29,694384,669923,16,0.143,0.0,8.44,-8.44,BAD
2026-07-02,687263,682243,20,0.118,3.0,11.53,-8.53,BAD
2026-07-02,694384,682243,15,0.143,6.0,8.22,-2.22,BAD
2026-07-05,624585,624133,21,0.235,3.5,8.74,-5.24,MID
2026-07-09,545361,543135,41,0.216,6.7,12.45,-5.75,MID
2026-07-09,687263,543135,17,0.267,9.2,11.6,-2.4,MID
2026-04-20,545361,656302,15,0.2,9.0,15.06,-6.06,BAD
2026-05-08,545361,656302,15,0.2,3.0,14.61,-11.61,BAD
2026-05-08,624585,656302,33,0.069,0.0,11.27,-11.27,BAD
2026-05-18,687263,669372,15,0.231,25.2,10.38,14.82,MID
2026-06-26,687263,669372,15,0.231,6.2,11.68,-5.48,MID
2026-06-30,687263,693433,22,0.182,10.0,11.55,-1.55,BAD
2026-06-30,666176,693433,15,0.357,0.0,9.38,-9.38,GOOD
2026-04-30,571448,605540,22,0.2,0.0,10.8,-10.8,BAD
2026-04-30,606466,605540,17,0.267,3.0,9.06,-6.06,MID
2026-05-01,571448,607067,20,0.167,3.0,10.35,-7.35,BAD
2026-05-07,571448,656605,29,0.148,0.0,9.61,-9.61,BAD
2026-05-12,571448,669022,17,0.267,6.2,9.37,-3.17,MID
2026-05-18,571448,592662,56,0.37,29.2,10.08,19.12,GOOD
2026-05-20,606466,641816,19,0.529,40.6,8.72,31.88,GOOD
2026-05-23,571448,547179,21,0.2,13.0,10.45,2.55,BAD
2026-05-26,606466,641816,19,0.529,22.2,10.98,11.22,GOOD
2026-05-26,571448,641816,27,0.227,9.2,10.18,-0.98,MID
2026-07-07,606466,608566,56,0.313,9.0,11.33,-2.33,GOOD
2026-07-07,672695,608566,20,0.133,3.2,9.46,-6.26,BAD
2026-07-07,571448,608566,19,0.211,0.0,8.76,-8.76,MID
2026-04-19,606466,592332,30,0.143,6.2,9.37,-3.17,BAD
2026-04-19,571448,592332,24,0.143,0.0,8.65,-8.65,BAD
2026-04-25,571448,608566,19,0.211,9.2,10.11,-0.91,MID
2026-04-25,672695,608566,20,0.133,0.0,9.52,-9.52,BAD
2026-04-25,606466,608566,56,0.313,6.0,9.16,-3.16,GOOD
2026-05-06,571448,694973,18,0.353,3.0,9.85,-6.85,GOOD
2026-05-11,571448,596001,16,0.25,9.0,9.38,-0.38,MID
2026-05-15,682998,607536,16,0.417,18.4,11.28,7.12,GOOD
2026-05-15,571448,607536,15,0.5,24.4,9.73,14.67,GOOD
2026-05-15,606466,607536,58,0.333,0.0,8.0,-8.0,GOOD
2026-05-17,571448,547179,21,0.2,15.5,9.94,5.56,BAD
2026-05-24,571448,500779,29,0.111,3.0,10.51,-7.51,BAD
2026-05-24,606466,500779,19,0.438,35.1,10.0,25.1,GOOD
2026-06-02,606466,641778,25,0.348,9.7,10.92,-1.22,GOOD
2026-06-02,571448,641778,35,0.286,19.2,10.05,9.15,MID
2026-06-14,571448,671096,24,0.409,3.0,9.15,-6.15,GOOD
2026-06-26,606466,607259,15,0.2,0.0,10.69,-10.69,BAD
2026-06-29,606466,641816,19,0.529,24.9,10.81,14.09,GOOD
2026-06-29,571448,641816,27,0.227,27.9,8.5,19.4,MID
2026-07-04,606466,605540,17,0.267,3.0,11.49,-8.49,MID
2026-07-04,571448,605540,22,0.2,0.0,8.75,-8.75,BAD
2026-07-06,606466,621111,33,0.3,12.2,11.31,0.89,GOOD
2026-07-06,571448,621111,37,0.194,18.7,8.64,10.06,BAD
2026-04-25,682985,663903,21,0.294,9.0,11.74,-2.74,MID
2026-04-25,681481,663903,15,0.154,3.0,9.91,-6.91,BAD
2026-04-25,679529,663903,19,0.235,18.7,8.09,10.61,MID
2026-04-25,595879,663903,23,0.286,0.0,8.07,-8.07,MID
2026-04-28,679529,527048,24,0.227,3.0,9.67,-6.67,MID
2026-04-28,650402,527048,28,0.261,6.0,9.6,-3.6,MID
2026-05-08,682985,663460,15,0.538,15.2,10.71,4.49,GOOD
2026-05-09,682985,608379,23,0.2,12.5,10.84,1.66,BAD
2026-05-09,679529,608379,20,0.211,6.0,8.52,-2.52,MID
2026-05-09,681481,608379,18,0.278,3.0,7.97,-4.97,MID
2026-05-17,682985,592332,18,0.188,0.0,10.81,-10.81,BAD
2026-05-17,663837,592332,16,0.133,3.0,8.87,-5.87,BAD
2026-05-17,679529,592332,15,0.071,0.0,8.04,-8.04,BAD
2026-05-20,682985,676440,28,0.2,3.0,10.91,-7.91,BAD
2026-05-20,693307,676440,16,0.188,3.0,9.3,-6.3,BAD
2026-05-20,679529,676440,18,0.286,0.0,7.99,-7.99,MID
2026-06-07,650402,622491,20,0.059,0.0,10.03,-10.03,BAD
2026-06-12,693307,676440,16,0.188,0.0,11.68,-11.68,BAD
2026-06-12,682985,676440,28,0.2,3.0,9.97,-6.97,BAD
2026-06-12,681481,676440,16,0.188,0.0,8.79,-8.79,BAD
2026-06-12,679529,676440,18,0.286,18.7,8.18,10.52,MID
2026-06-16,682985,686613,22,0.235,6.0,9.7,-3.7,MID
2026-06-16,679529,686613,16,0.154,6.2,8.42,-2.22,BAD
2026-06-16,681481,686613,19,0.235,3.0,8.32,-5.32,MID
2026-06-21,682985,663436,15,0.417,12.2,9.33,2.87,GOOD
2026-06-21,679529,663436,19,0.211,12.5,8.2,4.3,MID
2026-06-23,682985,607074,15,0.308,6.0,9.62,-3.62,GOOD
2026-06-23,679529,607074,15,0.2,0.0,8.32,-8.32,BAD
2026-06-28,682985,686613,22,0.235,3.2,9.32,-6.12,MID
2026-06-28,681481,686613,19,0.235,9.2,8.51,0.69,MID
2026-06-28,679529,686613,16,0.154,25.2,8.22,16.98,BAD
2026-07-04,682985,615698,16,0.267,25.2,9.66,15.54,MID
2026-05-06,592518,605288,20,0.056,6.2,10.19,-3.99,BAD
2026-05-09,593428,669160,15,0.143,6.0,11.31,-5.31,BAD
2026-05-09,592518,669160,39,0.27,18.7,9.61,9.09,MID
2026-05-20,593428,660271,15,0.214,0.0,10.14,-10.14,MID
2026-05-26,593428,605400,21,0.143,9.0,9.66,-0.66,BAD
2026-05-26,592518,605400,25,0.125,25.2,8.66,16.54,BAD
2026-05-27,593428,650911,15,0.286,3.0,9.65,-6.65,MID
2026-05-27,592518,650911,17,0.235,0.0,9.01,-9.01,MID
2026-05-31,592518,641793,18,0.267,0.0,9.22,-9.22,MID
2026-05-31,664034,641793,16,0.267,9.5,9.06,0.44,MID
2026-06-02,593428,605400,21,0.143,3.0,9.69,-6.69,BAD
2026-06-02,592518,605400,25,0.125,0.0,9.04,-9.04,BAD
2026-06-04,592518,554430,24,0.217,22.2,8.76,13.44,MID
2026-06-04,665487,554430,15,0.133,0.0,8.74,-8.74,BAD
2026-06-08,665487,671096,16,0.333,3.0,8.61,-5.61,GOOD
2026-06-08,592518,671096,16,0.063,0.0,8.59,-8.59,BAD
2026-06-24,592518,527048,27,0.333,9.2,9.23,-0.03,GOOD
2026-06-24,593428,527048,25,0.182,15.5,8.72,6.78,BAD
2026-06-27,665487,808967,18,0.188,6.5,9.68,-3.18,BAD
2026-06-27,592518,808967,18,0.188,0.0,9.31,-9.31,BAD
2026-06-27,593428,808967,19,0.333,0.0,8.78,-8.78,GOOD
2026-06-30,592518,571510,20,0.474,25.2,9.31,15.89,GOOD
2026-06-30,593428,571510,22,0.2,6.2,8.81,-2.61,BAD
2026-04-25,593428,668678,25,0.261,6.2,11.99,-5.79,MID
2026-04-25,592518,668678,37,0.242,6.2,9.08,-2.88,MID
2026-04-25,665487,668678,34,0.241,6.0,8.89,-2.89,MID
2026-04-26,593428,669194,17,0.353,6.2,11.7,-5.5,GOOD
2026-04-26,701538,669194,15,0.4,9.2,10.74,-1.54,GOOD
2026-04-26,592518,669194,29,0.308,47.9,8.94,38.96,GOOD
2026-04-26,665487,669194,21,0.333,12.4,8.76,3.64,GOOD
2026-04-27,593428,571510,22,0.2,9.2,11.44,-2.24,BAD
2026-04-27,592518,571510,20,0.474,24.6,10.79,13.81,GOOD
2026-04-29,593428,592791,31,0.194,0.0,12.19,-12.19,BAD
2026-05-05,593428,657277,33,0.219,28.2,10.89,17.31,MID
2026-05-05,592518,657277,51,0.283,0.0,10.57,-10.57,MID
2026-05-05,701538,657277,19,0.611,31.4,10.13,21.27,GOOD
2026-05-05,665487,657277,40,0.237,9.2,8.86,0.34,MID
2026-05-05,657757,657277,20,0.421,15.2,8.85,6.35,GOOD
2026-05-16,592518,669302,18,0.133,6.2,8.81,-2.61,BAD
2026-05-18,593428,808967,19,0.333,3.0,10.57,-7.57,GOOD
2026-05-18,592518,808967,18,0.188,3.0,8.75,-5.75,BAD
2026-06-03,593428,650911,15,0.286,6.5,9.56,-3.06,MID
2026-06-03,592518,650911,17,0.235,3.0,8.87,-5.87,MID
2026-06-03,665487,650911,18,0.412,6.2,8.78,-2.58,GOOD
2026-06-10,657757,663903,29,0.138,9.5,9.5,0.0,BAD
2026-06-15,665487,669160,31,0.25,3.0,9.26,-6.26,MID
2026-06-15,593428,669160,15,0.143,0.0,8.96,-8.96,BAD
2026-06-15,592518,669160,39,0.27,3.0,8.75,-5.75,MID
2026-06-19,592518,594798,24,0.261,0.0,8.68,-8.68,MID
2026-06-21,592518,543135,23,0.167,9.2,9.0,0.2,BAD
2026-06-21,593428,543135,18,0.235,15.7,8.65,7.05,MID
2026-06-21,664034,543135,18,0.471,3.0,8.37,-5.37,GOOD
2026-07-03,664034,660271,23,0.15,0.0,8.81,-8.81,BAD
2026-07-04,665487,808967,18,0.188,9.0,9.88,-0.88,BAD
2026-07-04,592518,808967,18,0.188,0.0,9.66,-9.66,BAD
2026-07-04,593428,808967,19,0.333,6.0,8.71,-2.71,GOOD
2026-07-06,665487,694297,30,0.207,0.0,10.05,-10.05,MID
2026-07-06,592518,694297,23,0.333,3.0,9.96,-6.96,GOOD
2026-07-06,701538,694297,22,0.211,6.0,9.09,-3.09,MID
2026-07-07,665487,668678,34,0.241,9.2,9.93,-0.73,MID
2026-07-07,592518,668678,37,0.242,3.0,9.88,-6.88,MID
2026-07-09,665487,518876,37,0.353,3.0,10.17,-7.17,GOOD
2026-07-09,592518,518876,51,0.191,21.7,9.8,11.9,BAD
2026-07-09,593428,518876,20,0.167,0.0,8.59,-8.59,BAD
2026-07-10,657757,669456,20,0.263,3.0,9.03,-6.03,MID
2026-07-10,593428,669456,15,0.357,22.2,8.49,13.71,GOOD
2026-05-22,593428,605488,17,0.2,3.5,9.9,-6.4,BAD
2026-05-22,657656,605488,16,0.125,21.7,8.15,13.55,BAD
2026-04-18,665487,579328,15,0.231,22.0,8.98,13.02,MID
2026-04-28,642715,666200,16,0.188,0.0,7.27,-7.27,BAD
2026-04-30,650333,650911,19,0.056,3.5,9.19,-5.69,BAD
2026-04-30,671218,650911,15,0.286,18.2,8.4,9.8,MID
2026-04-30,656305,650911,15,0.615,15.2,8.13,7.07,GOOD
2026-04-30,642715,650911,18,0.267,3.0,6.64,-3.64,MID
2026-05-01,656305,663556,20,0.158,0.0,8.39,-8.39,BAD
2026-05-12,669477,808967,18,0.133,0.0,11.91,-11.91,BAD
2026-05-12,671218,808967,21,0.211,9.2,9.19,0.01,MID
2026-05-12,646240,808967,15,0.143,3.0,8.45,-5.45,BAD
2026-05-12,808982,808967,16,0.2,16.0,7.44,8.56,BAD
2026-05-12,656305,808967,15,0.0,0.0,7.16,-7.16,BAD
2026-05-15,650333,650644,29,0.25,30.7,8.72,21.98,MID
2026-05-15,646240,650644,20,0.133,3.0,8.19,-5.19,BAD
2026-05-16,646240,622663,28,0.125,12.2,8.06,4.14,BAD
2026-05-16,642715,622663,20,0.5,19.0,6.55,12.45,GOOD
2026-05-16,656305,622663,28,0.125,9.5,6.51,2.99,BAD
2026-05-17,646240,605488,16,0.188,9.7,8.16,1.54,BAD
2026-05-17,656305,605488,23,0.19,21.7,6.59,15.11,BAD
2026-05-18,650333,668678,24,0.261,3.5,10.07,-6.57,MID
2026-05-18,646240,668678,18,0.143,0.0,8.2,-8.2,BAD
2026-05-18,656305,668678,17,0.059,0.0,6.95,-6.95,BAD
2026-05-19,650333,669194,19,0.105,3.0,9.91,-6.91,BAD
2026-05-20,650333,518876,21,0.35,3.0,9.74,-6.74,GOOD
2026-05-20,646240,518876,18,0.222,6.0,8.38,-2.38,MID
2026-05-20,642715,518876,32,0.3,0.0,7.59,-7.59,GOOD
2026-05-20,656305,518876,15,0.286,12.4,6.84,5.56,MID
2026-05-25,650333,518876,21,0.35,9.2,9.84,-0.64,GOOD
2026-05-25,646240,518876,18,0.222,16.0,8.73,7.27,MID
2026-05-25,642715,518876,32,0.3,9.2,7.87,1.33,GOOD
2026-05-26,646240,593958,15,0.214,9.5,8.88,0.62,MID
2026-05-26,642715,593958,21,0.056,30.9,7.9,23.0,BAD
2026-05-26,656305,593958,32,0.296,12.2,7.14,5.06,MID
2026-05-30,650333,663372,16,0.313,0.0,9.92,-9.92,GOOD
2026-05-30,642715,663372,21,0.05,0.0,8.39,-8.39,BAD
2026-05-31,650333,685299,16,0.2,22.9,9.72,13.18,BAD
2026-06-07,642715,592791,23,0.143,0.0,9.58,-9.58,BAD
2026-06-07,646240,592791,18,0.308,6.2,9.31,-3.11,GOOD
2026-06-07,656305,592791,19,0.059,12.5,8.59,3.91,BAD
2026-06-23,650333,650644,29,0.25,3.0,10.35,-7.35,MID
2026-06-23,646240,650644,20,0.133,6.5,9.64,-3.14,BAD
2026-06-25,646240,605488,16,0.188,0.0,9.71,-9.71,BAD
2026-06-25,656305,605488,23,0.19,9.0,8.93,0.07,BAD
2026-06-26,650333,625643,32,0.387,9.0,10.25,-1.25,GOOD
2026-06-26,646240,625643,17,0.438,9.5,9.59,-0.09,GOOD
2026-06-27,650333,693821,17,0.353,6.2,10.23,-4.03,GOOD
2026-06-27,642715,693821,19,0.278,3.0,9.11,-6.11,MID
2026-06-29,646240,593958,15,0.214,3.0,9.94,-6.94,MID
2026-06-29,656305,593958,32,0.296,0.0,8.74,-8.74,MID
2026-06-30,650333,694297,25,0.542,30.7,10.19,20.51,GOOD
2026-07-01,650333,668678,24,0.261,0.0,10.46,-10.46,MID
2026-07-01,646240,668678,18,0.143,9.2,10.03,-0.83,BAD
2026-07-01,671218,668678,17,0.2,34.4,8.7,25.7,BAD
2026-07-03,650333,663372,16,0.313,9.2,10.33,-1.13,GOOD
2026-07-05,650333,685299,16,0.2,3.0,10.38,-7.38,BAD
2026-07-06,646240,592332,38,0.324,12.4,10.43,1.97,GOOD
2026-07-06,650333,592332,15,0.714,12.0,10.29,1.71,GOOD
2026-07-08,646240,656302,18,0.286,3.0,10.41,-7.41,MID
2026-07-08,650333,656302,27,0.24,0.0,10.34,-10.34,MID
2026-07-08,671218,656302,16,0.214,3.0,10.19,-7.19,MID
2026-07-08,808982,656302,15,0.182,0.0,9.51,-9.51,BAD
2026-07-09,650333,663372,16,0.313,18.7,10.21,8.49,GOOD
2026-07-10,650333,685299,16,0.2,21.2,10.31,10.89,BAD
2026-04-21,656305,808967,15,0.0,9.2,9.22,-0.02,BAD
2026-04-21,671218,808967,21,0.211,3.0,9.06,-6.06,MID
2026-04-21,642715,808967,19,0.235,6.2,9.05,-2.85,MID
2026-04-21,646240,808967,15,0.143,6.5,7.19,-0.69,BAD
2026-04-21,808982,808967,16,0.2,9.5,6.75,2.75,BAD
2026-04-22,656305,660271,27,0.24,3.0,9.22,-6.22,MID
2026-04-22,646240,660271,18,0.278,9.0,7.15,1.85,MID
2026-04-23,656305,607192,24,0.2,0.0,8.89,-8.89,BAD
2026-04-23,650333,607192,17,0.25,12.0,8.59,3.41,MID
2026-04-23,646240,607192,33,0.233,0.0,7.25,-7.25,MID
2026-05-13,646240,660271,18,0.278,9.0,8.3,0.7,MID
2026-05-13,656305,660271,27,0.24,3.0,6.96,-3.96,MID
2026-06-28,650333,519242,18,0.25,12.7,10.18,2.52,MID
2026-06-28,642715,519242,17,0.118,3.0,9.03,-6.03,BAD
2026-06-28,656305,519242,19,0.222,9.0,8.74,0.26,MID
2026-05-15,608070,671096,15,0.4,15.5,12.22,3.28,GOOD
2026-05-15,680757,671096,15,0.077,6.5,7.17,-0.67,BAD
2026-05-17,608070,663903,40,0.387,31.4,12.59,18.81,GOOD
2026-06-03,608070,543037,36,0.414,37.1,12.31,24.79,GOOD
2026-06-12,608070,656427,30,0.241,0.0,12.45,-12.45,MID
2026-06-26,680757,622491,20,0.421,3.0,6.58,-3.58,GOOD
2026-06-27,680757,669302,19,0.111,0.0,6.53,-6.53,BAD
2026-07-09,677587,641927,18,0.111,13.0,8.97,4.03,BAD
2026-07-09,700932,641927,15,0.2,3.0,7.41,-4.41,BAD
2026-04-22,677594,650644,18,0.389,9.5,8.77,0.73,GOOD
2026-04-28,647304,657746,18,0.25,35.2,9.76,25.44,MID
2026-04-28,677594,657746,16,0.429,31.4,9.02,22.38,GOOD
2026-05-02,668227,607625,15,0.0,3.0,11.2,-8.2,BAD
2026-05-06,668227,527048,19,0.211,3.0,10.34,-7.34,MID
2026-05-06,677594,527048,15,0.154,18.7,10.21,8.49,BAD
2026-05-06,641487,527048,20,0.211,6.0,9.62,-3.62,MID
2026-05-13,668227,621121,16,0.4,12.0,11.59,0.41,GOOD
2026-05-13,641487,621121,31,0.222,21.7,9.21,12.49,MID
2026-05-13,663728,621121,19,0.235,0.0,8.8,-8.8,MID
2026-05-17,668227,608337,16,0.308,3.5,11.5,-8.0,GOOD
2026-05-17,647304,608337,16,0.25,12.5,10.52,1.98,MID
2026-05-24,668227,607625,15,0.0,9.5,11.69,-2.19,BAD
2026-05-25,677594,650644,18,0.389,3.0,10.78,-7.78,GOOD
2026-05-25,641487,650644,20,0.278,18.7,8.82,9.88,MID
2026-05-27,668227,605488,15,0.286,3.0,12.0,-9.0,MID
2026-05-27,677594,605488,17,0.235,25.7,10.54,15.16,MID
2026-05-27,641487,605488,17,0.188,12.2,8.99,3.21,BAD
2026-05-29,647304,668678,17,0.063,6.0,10.43,-4.43,BAD
2026-06-05,668227,664285,18,0.267,15.0,11.55,3.45,MID
2026-06-05,677594,664285,36,0.3,24.0,11.12,12.88,GOOD
2026-06-05,647304,664285,15,0.154,15.2,9.96,5.24,BAD
2026-06-05,641487,664285,40,0.243,9.2,9.82,-0.62,MID
2026-06-07,647304,656427,15,0.308,15.7,10.04,5.66,GOOD
2026-06-11,668227,680694,21,0.211,6.2,11.99,-5.79,MID
2026-06-11,677594,680694,15,0.385,12.5,11.18,1.32,GOOD
2026-06-30,668227,667755,16,0.385,18.9,11.48,7.42,GOOD
2026-06-30,677594,667755,20,0.556,15.4,10.76,4.64,GOOD
2026-06-30,647304,667755,19,0.167,12.2,9.93,2.27,BAD
2026-06-30,641487,667755,19,0.278,0.0,8.71,-8.71,MID
2026-06-30,663728,667755,19,0.2,6.2,8.3,-2.1,BAD
2026-07-03,668227,656302,16,0.2,0.0,11.55,-11.55,BAD
2026-07-03,647304,656302,28,0.25,0.0,9.83,-9.83,MID
2026-07-04,641487,669456,17,0.429,6.2,8.6,-2.4,GOOD
2026-04-18,668227,543135,34,0.129,6.2,10.9,-4.7,BAD
2026-04-18,677594,543135,24,0.375,6.5,8.45,-1.95,GOOD
2026-04-18,663728,543135,24,0.25,3.0,8.38,-5.38,MID
2026-04-18,670042,543135,18,0.278,28.1,8.27,19.83,MID
2026-06-17,677594,680694,15,0.385,9.2,10.81,-1.61,GOOD
2026-04-22,641355,624133,19,0.222,0.0,12.29,-12.29,MID
2026-04-24,592450,621121,15,0.167,9.0,15.84,-6.84,BAD
2026-04-28,592450,594798,17,0.231,24.9,16.01,8.89,MID
2026-04-28,641355,594798,25,0.292,9.5,10.47,-0.97,MID
2026-04-29,592450,543135,47,0.302,0.0,16.36,-16.36,GOOD
2026-04-29,641355,543135,17,0.235,3.0,10.43,-7.43,MID
2026-04-29,665862,543135,16,0.063,0.0,9.91,-9.91,BAD
2026-05-02,592450,680694,20,0.071,9.2,15.96,-6.76,BAD
2026-05-04,592450,669358,15,0.417,38.4,16.26,22.14,GOOD
2026-05-05,592450,594798,17,0.231,12.2,17.0,-4.8,MID
2026-05-05,641355,594798,25,0.292,25.5,12.62,12.88,MID
2026-05-06,592450,543135,47,0.302,18.7,16.85,1.85,GOOD
2026-05-06,641355,543135,17,0.235,6.0,13.05,-7.05,MID
2026-05-06,665862,543135,16,0.063,0.0,10.31,-10.31,BAD
2026-05-24,592450,656876,18,0.125,25.2,13.66,11.54,BAD
2026-05-24,641355,656876,16,0.267,3.0,12.08,-9.08,MID
2026-05-25,592450,608379,30,0.192,6.0,13.9,-7.9,BAD
2026-05-25,641355,608379,15,0.267,18.7,11.89,6.81,MID
2026-05-25,502671,608379,31,0.2,3.0,9.59,-6.59,BAD
2026-05-29,665862,622663,15,0.417,0.0,10.09,-10.09,GOOD
2026-06-05,641355,543243,18,0.2,3.0,11.99,-8.99,BAD
2026-06-05,502671,543243,30,0.038,0.0,10.85,-10.85,BAD
2026-06-05,665862,543243,15,0.231,9.2,10.07,-0.87,MID
2026-06-07,641355,624133,19,0.222,21.7,11.84,9.86,MID
2026-06-07,665862,624133,23,0.261,25.7,10.06,15.64,MID
2026-06-13,641355,592332,28,0.08,6.2,12.14,-5.94,BAD
2026-06-13,665862,592332,20,0.0,3.0,10.89,-7.89,BAD
2026-06-13,502671,592332,30,0.4,22.2,10.81,11.39,GOOD
2026-06-13,641857,592332,20,0.294,3.0,6.64,-3.64,MID
2026-06-14,641355,571578,31,0.393,0.0,12.05,-12.05,GOOD
2026-06-14,502671,571578,22,0.556,9.0,11.07,-2.07,GOOD
2026-06-20,502671,671096,17,0.333,18.7,11.29,7.41,GOOD
2026-06-22,641355,664285,15,0.286,3.0,12.13,-9.13,MID
2026-06-22,676609,664285,20,0.429,12.2,9.72,2.48,GOOD
2026-06-24,502671,669373,17,0.438,37.4,11.02,26.38,GOOD
2026-06-28,641355,543243,18,0.2,0.0,11.49,-11.49,BAD
2026-06-28,502671,543243,30,0.038,3.5,11.29,-7.79,BAD
2026-06-28,665862,543243,15,0.231,0.0,10.83,-10.83,MID
2026-06-30,502671,669373,17,0.438,0.0,10.96,-10.96,GOOD
2026-06-30,642708,669373,18,0.063,6.2,8.41,-2.21,BAD
2026-07-09,641355,656876,16,0.267,12.7,10.49,2.21,MID
2026-07-09,663757,656876,16,0.375,18.9,10.4,8.5,GOOD
2026-05-12,502671,669432,16,0.231,24.7,9.72,14.98,MID
2026-05-17,641355,642547,18,0.429,18.4,11.96,6.44,GOOD
2026-05-17,502671,642547,38,0.257,3.0,10.61,-7.61,MID
2026-05-17,665862,642547,15,0.182,15.2,9.43,5.77,BAD
2026-05-18,592450,571578,16,0.214,6.2,14.92,-8.72,MID
2026-05-18,641355,571578,31,0.393,25.2,12.12,13.08,GOOD
2026-05-18,502671,571578,22,0.556,31.2,10.24,20.96,GOOD
2026-05-13,592450,680694,20,0.071,0.0,15.85,-15.85,BAD
2026-05-19,592450,656302,20,0.267,6.2,14.72,-8.52,MID
2026-04-22,521692,605135,22,0.176,0.0,7.12,-7.12,BAD
2026-04-24,677951,579328,16,0.067,9.2,9.91,-0.71,BAD
2026-04-24,521692,579328,20,0.2,0.0,6.78,-6.78,BAD
2026-04-28,677951,650644,30,0.241,31.7,10.95,20.75,MID
2026-04-28,672580,650644,18,0.222,12.0,10.02,1.98,MID
2026-04-28,686469,650644,17,0.267,9.0,8.74,0.26,MID
2026-04-29,521692,622663,23,0.238,6.5,8.21,-1.71,MID
2026-05-03,677951,622491,19,0.105,6.2,11.2,-5.0,BAD
2026-05-03,672580,622491,15,0.286,9.0,10.88,-1.88,MID
2026-05-03,521692,622491,23,0.227,6.2,8.49,-2.29,MID
2026-05-04,677951,676440,29,0.375,27.9,11.04,16.86,GOOD
2026-05-04,672580,676440,22,0.15,0.0,10.81,-10.81,BAD
2026-05-04,686469,676440,19,0.588,21.7,8.94,12.76,GOOD
2026-05-04,521692,676440,24,0.048,9.7,8.41,1.29,BAD
2026-05-05,677951,668909,28,0.185,12.2,11.57,0.63,BAD
2026-05-05,672580,668909,26,0.136,6.2,10.45,-4.25,BAD
2026-05-05,686469,668909,16,0.067,0.0,9.37,-9.37,BAD
2026-05-05,521692,668909,21,0.35,10.0,8.45,1.55,GOOD
2026-05-12,677951,607200,15,0.267,21.7,12.17,9.53,MID
2026-05-17,677951,669467,16,0.2,0.0,12.7,-12.7,BAD
2026-05-18,677951,543243,20,0.2,9.0,12.41,-3.41,BAD
2026-05-18,686469,543243,15,0.25,0.0,8.55,-8.55,MID
2026-05-18,521692,543243,37,0.167,3.0,8.18,-5.18,BAD
2026-05-22,677951,669302,21,0.412,0.0,12.2,-12.2,GOOD
2026-05-22,672580,669302,17,0.188,6.0,9.59,-3.59,BAD
2026-05-22,521692,669302,24,0.333,0.0,8.38,-8.38,GOOD
2026-05-23,677951,669923,15,0.467,18.4,11.95,6.45,GOOD
2026-05-23,672580,669923,15,0.067,9.2,9.52,-0.32,BAD
2026-05-27,521692,543037,18,0.111,3.0,8.5,-5.5,BAD
2026-06-06,677951,657746,34,0.242,15.5,12.26,3.24,MID
2026-06-06,672580,657746,21,0.316,3.0,9.04,-6.04,GOOD
2026-06-06,686469,657746,26,0.273,6.0,8.6,-2.6,MID
2026-06-09,677951,543135,15,0.286,3.0,12.12,-9.12,MID
2026-06-09,686469,543135,15,0.133,12.7,8.67,4.03,BAD
2026-06-09,521692,543135,24,0.167,0.0,7.91,-7.91,BAD
2026-06-24,521692,643377,24,0.091,0.0,7.77,-7.77,BAD
2026-06-27,677951,663436,21,0.263,6.0,12.36,-6.36,MID
2026-06-30,677951,643377,21,0.313,43.9,12.24,31.66,GOOD
2026-05-09,663616,676440,18,0.176,3.0,8.71,-5.71,BAD
2026-05-10,680777,668909,16,0.375,6.0,13.51,-7.51,GOOD
2026-05-24,605137,543243,30,0.25,6.0,8.87,-2.87,MID
2026-05-28,621439,663436,17,0.133,6.0,13.75,-7.75,BAD
2026-05-28,686797,663436,15,0.333,0.0,9.73,-9.73,GOOD
2026-05-28,663616,663436,17,0.231,0.0,8.44,-8.44,MID
2026-06-27,605137,547179,39,0.294,12.2,9.27,2.93,MID
2026-04-19,621439,663903,21,0.4,12.4,9.91,2.49,GOOD
2026-04-27,605137,622491,39,0.212,12.4,10.12,2.28,MID
2026-04-27,663616,622491,21,0.286,27.7,8.04,19.66,MID
2026-04-30,605137,592332,25,0.292,9.7,9.54,0.16,MID
2026-05-02,621439,656302,15,0.167,18.7,12.15,6.55,BAD
2026-05-02,605137,656302,19,0.294,0.0,9.55,-9.55,MID
2026-05-02,663616,656302,20,0.263,12.5,8.99,3.51,MID
2026-06-02,621439,663436,17,0.133,3.0,13.22,-10.22,BAD
2026-06-02,686797,663436,15,0.333,6.5,9.94,-3.44,GOOD
2026-06-02,663616,663436,17,0.231,12.2,8.55,3.65,MID
2026-06-05,605137,608379,32,0.241,12.7,8.3,4.4,MID
2026-06-10,605137,664285,21,0.263,6.5,8.75,-2.25,MID
2026-07-09,668904,668909,18,0.222,24.9,8.57,16.33,MID
2026-04-20,571970,500779,16,0.364,52.8,10.75,42.05,GOOD
2026-04-20,669257,500779,15,0.133,0.0,7.89,-7.89,BAD
2026-04-22,518692,641816,22,0.421,6.0,12.85,-6.85,GOOD
2026-04-22,571970,641816,22,0.316,6.0,12.76,-6.76,GOOD
2026-04-24,660271,592791,16,0.25,3.0,12.58,-9.58,MID
2026-04-24,606192,592791,21,0.25,0.0,11.79,-11.79,MID
2026-04-27,571970,663978,20,0.294,3.0,13.13,-10.13,MID
2026-04-27,518692,663978,15,0.143,12.2,10.68,1.52,BAD
2026-04-29,571970,645261,24,0.304,9.2,12.12,-2.92,GOOD
2026-04-29,518692,645261,39,0.286,0.0,10.41,-10.41,MID
2026-05-05,571970,663567,15,0.286,3.0,11.69,-8.69,MID
2026-05-08,606192,519242,25,0.25,9.2,9.86,-0.66,MID
2026-05-12,518692,605288,17,0.357,9.0,9.9,-0.9,GOOD
2026-05-13,663656,592662,15,0.429,15.2,10.67,4.53,GOOD
2026-05-13,518692,592662,28,0.292,12.0,9.87,2.13,MID
2026-05-13,606192,592662,17,0.286,12.7,9.46,3.24,MID
2026-05-13,669257,592662,22,0.105,0.0,6.99,-6.99,BAD
2026-05-18,660271,650633,24,0.381,9.0,14.07,-5.07,GOOD
2026-05-18,571970,650633,19,0.176,0.0,11.44,-11.44,BAD
2026-05-18,606192,650633,26,0.25,0.0,10.51,-10.51,MID
2026-05-18,518692,650633,20,0.176,6.0,9.47,-3.47,BAD
2026-05-19,571970,656288,18,0.071,6.0,11.15,-5.15,BAD
2026-05-19,663656,656288,24,0.19,0.0,10.81,-10.81,BAD
2026-05-19,606192,656288,17,0.294,9.2,10.23,-1.03,MID
2026-05-26,660271,607536,18,0.563,6.2,14.09,-7.89,GOOD
2026-05-26,518692,607536,50,0.25,18.9,10.68,8.22,MID
2026-05-29,518692,554430,73,0.386,18.7,11.09,7.61,GOOD
2026-05-30,660271,666200,17,0.176,3.0,14.25,-11.25,BAD
2026-05-30,663656,666200,20,0.05,0.0,10.37,-10.37,BAD
2026-06-01,660271,593958,32,0.308,15.2,13.84,1.36,GOOD
2026-06-01,518692,593958,26,0.435,3.5,11.12,-7.62,GOOD
2026-06-01,663656,593958,27,0.13,3.0,10.27,-7.27,BAD
2026-06-01,605141,593958,22,0.263,3.0,9.53,-6.53,MID
2026-06-03,660271,668678,21,0.333,18.2,14.22,3.98,GOOD
2026-06-03,518692,668678,31,0.241,16.2,11.3,4.9,MID
2026-06-03,571970,668678,37,0.233,15.7,10.41,5.29,MID
2026-06-03,663656,668678,24,0.391,28.2,9.99,18.21,GOOD
2026-06-03,605141,668678,35,0.258,3.2,9.23,-6.03,MID
2026-06-04,681624,669194,17,0.059,0.0,12.75,-12.75,BAD
2026-06-04,518692,669194,21,0.2,0.0,11.39,-11.39,BAD
2026-06-04,571970,669194,15,0.091,3.0,10.52,-7.52,BAD
2026-06-04,605141,669194,19,0.294,0.0,8.97,-8.97,MID
2026-06-05,518692,672282,15,0.364,24.7,11.18,13.52,GOOD
2026-06-05,663656,672282,24,0.273,0.0,10.2,-10.2,MID
2026-04-23,681624,657277,21,0.2,0.0,13.81,-13.81,BAD
2026-04-23,660271,657277,31,0.308,0.0,13.28,-13.28,GOOD
2026-04-23,606192,657277,28,0.28,0.0,12.53,-12.53,MID
2026-04-23,518692,657277,55,0.34,3.0,12.45,-9.45,GOOD
2026-04-23,571970,657277,45,0.27,15.4,12.39,3.01,MID
2026-05-06,660271,621121,32,0.24,27.9,13.41,14.49,MID
2026-06-09,660271,694973,15,0.143,19.2,14.26,4.94,BAD
2026-06-09,518692,694973,15,0.2,21.9,11.24,10.66,BAD
2026-06-11,660271,656605,15,0.462,30.9,14.49,16.41,GOOD
2026-06-11,518692,656605,23,0.526,18.7,11.49,7.21,GOOD
2026-06-15,518692,607259,20,0.188,6.0,11.4,-5.4,BAD
2026-06-20,518692,669432,16,0.286,6.2,11.37,-5.17,MID
2026-06-28,660271,650633,24,0.381,12.7,14.28,-1.58,GOOD
2026-06-28,518692,650633,20,0.176,6.5,11.68,-5.18,BAD
2026-06-28,571970,650633,19,0.176,3.0,10.4,-7.4,BAD
2026-06-28,605141,650633,21,0.222,13.0,10.12,2.88,MID
2026-07-03,660271,650633,24,0.381,0.0,14.04,-14.04,GOOD
2026-07-03,518692,650633,20,0.176,3.0,11.8,-8.8,BAD
2026-07-03,606192,650633,26,0.25,29.2,10.7,18.5,MID
2026-07-03,571970,650633,19,0.176,9.2,10.56,-1.36,BAD
2026-07-03,605141,650633,21,0.222,6.2,10.4,-4.2,MID
2026-07-06,660271,607536,18,0.563,38.2,13.79,24.41,GOOD
2026-07-06,518692,607536,50,0.25,3.0,11.75,-8.75,MID
2026-07-06,669242,607536,15,0.333,0.0,10.38,-10.38,GOOD
2026-07-06,571970,607536,32,0.267,15.7,10.27,5.43,MID
2026-07-07,660271,547179,16,0.286,21.7,14.11,7.59,MID
2026-07-10,660271,593958,32,0.308,18.7,14.03,4.67,GOOD
2026-07-10,518692,593958,26,0.435,0.0,11.58,-11.58,GOOD
2026-07-10,606192,593958,32,0.323,0.0,10.4,-10.4,GOOD
2026-07-10,663656,593958,27,0.13,6.0,10.05,-4.05,BAD
2026-04-24,656555,453286,33,0.097,12.4,7.39,5.01,BAD
2026-04-27,608070,571927,16,0.214,3.0,13.84,-10.84,MID
2026-04-27,656555,571927,37,0.138,0.0,7.52,-7.52,BAD
2026-05-03,680757,650644,15,0.143,0.0,8.04,-8.04,BAD
2026-05-04,608070,608379,24,0.217,3.0,12.94,-9.94,MID
2026-05-04,680757,608379,24,0.292,0.0,7.73,-7.73,MID
2026-05-06,608070,666142,17,0.133,15.2,12.31,2.89,BAD
2026-05-07,608070,607625,16,0.231,12.2,12.4,-0.2,MID
2026-05-07,680757,607625,15,0.308,9.2,7.18,2.02,GOOD
2026-05-09,608070,657746,36,0.235,18.2,12.4,5.8,MID
2026-05-13,608070,672282,18,0.231,21.2,11.98,9.22,MID
2026-05-30,608070,543243,48,0.222,12.5,12.0,0.5,MID
2026-06-09,608070,543037,36,0.414,15.2,12.56,2.64,GOOD
2026-06-10,608070,607074,63,0.278,3.0,12.6,-9.6,MID
2026-06-10,656555,607074,18,0.2,0.0,7.58,-7.58,BAD
2026-06-13,608070,669373,37,0.371,9.2,12.26,-3.06,GOOD
2026-06-13,682657,669373,18,0.188,0.0,10.24,-10.24,BAD
2026-07-10,656555,645261,50,0.205,0.0,7.11,-7.11,MID
2026-04-18,608070,665152,16,0.214,9.0,14.23,-5.23,MID
2026-04-25,608070,592332,29,0.185,6.0,14.69,-8.69,BAD
2026-04-25,656555,592332,22,0.158,6.2,7.69,-1.49,BAD
2026-05-18,608070,664285,16,0.4,37.7,13.04,24.66,GOOD
2026-06-04,608070,607074,63,0.278,12.2,12.75,-0.55,MID
2026-04-17,608070,605135,16,0.273,21.2,13.77,7.43,MID
